doc	iterations	status	delta	timestamp
docs/backup.md	6	not-converged	+16/-4	2026-03-19T23:40:37.781712+00:00
docs/philosophy.md	2	not-converged	+13/-10	2026-03-19T23:54:00.436739+00:00
docs/philosophy.md	5	not-converged	+12/-10	2026-03-20T20:59:27.692260+00:00
docs/philosophy.md	3	converged	+2/-2	2026-03-20T21:08:26.516976+00:00
docs/backup.md	2	converged		2026-03-20T21:14:17.789014+00:00
docs/configuration.md	4	converged		2026-03-20T21:23:52.531072+00:00
docs/feature-flags.md	4	converged	+6/-4	2026-03-20T22:23:52.196860+00:00
docs/matching-engine.md	6	converged		2026-03-20T22:41:32.571199+00:00
docs/notifications.md	4	converged	+6/-4	2026-03-20T22:55:36.132458+00:00
docs/philosophy.md	4	converged		2026-03-20T23:02:57.869075+00:00
docs/entity-dictionary.md	5	converged		2026-03-20T23:49:55.327701+00:00
sweep:docs/use-cases	5	converged		2026-03-21T00:44:34.513239+00:00
sweep:docs/ui	6	not-converged	+2/-2	2026-03-21T02:28:48.710435+00:00
sweep:docs/design	4	converged		2026-03-21T02:48:14.558370+00:00
docs/permissions-matrix.md	4	converged	+5/-1	2026-03-21T03:03:37.707576+00:00
sweep:docs/ui	3	converged	+4/-4	2026-03-22T00:29:44.637245+00:00
sweep:docs	4	not-converged	+68/-2	2026-03-22T01:09:08.964922+00:00
sweep:docs	4	not-converged	+3/-2	2026-03-22T02:19:56.595645+00:00
sweep:docs	5	not-converged	+26/-24	2026-03-22T02:43:25.635554+00:00
